FlowTo,15001,ReferenceType
HotFlowTo,15002,ReferenceType
SignalTo,15003,ReferenceType
GenericControllerType,15004,ObjectType
GenericControllerType_Measurement,15005,Variable
GenericControllerType_SetPoint,15006,Variable
GenericControllerType_ControlOut,15007,Variable
GenericSensorType,15008,ObjectType
GenericSensorType_Output,15009,Variable
GenericSensorType_Output_Definition,15010,Variable
GenericSensorType_Output_ValuePrecision,15011,Variable
GenericSensorType_Output_InstrumentRange,15012,Variable
GenericSensorType_Output_EURange,15013,Variable
GenericSensorType_Output_EngineeringUnits,15014,Variable
GenericActuatorType,15015,ObjectType
GenericActuatorType_Input,15016,Variable
GenericActuatorType_Input_Definition,15017,Variable
GenericActuatorType_Input_ValuePrecision,15018,Variable
GenericActuatorType_Input_InstrumentRange,15019,Variable
GenericActuatorType_Input_EURange,15020,Variable
GenericActuatorType_Input_EngineeringUnits,15021,Variable
CustomControllerType,15022,ObjectType
CustomControllerType_Input1,15023,Variable
CustomControllerType_Input2,15024,Variable
CustomControllerType_Input3,15025,Variable
CustomControllerType_ControlOut,15026,Variable
CustomControllerType_DescriptionX,15027,Variable
ValveType,15028,ObjectType
ValveType_Input,15029,Variable
ValveType_Input_Definition,15030,Variable
ValveType_Input_ValuePrecision,15031,Variable
ValveType_Input_InstrumentRange,15032,Variable
ValveType_Input_EURange,15033,Variable
ValveType_Input_EngineeringUnits,15034,Variable
LevelControllerType,15035,ObjectType
LevelControllerType_Measurement,15036,Variable
LevelControllerType_SetPoint,15037,Variable
LevelControllerType_ControlOut,15038,Variable
FlowControllerType,15039,ObjectType
FlowControllerType_Measurement,15040,Variable
FlowControllerType_SetPoint,15041,Variable
FlowControllerType_ControlOut,15042,Variable
LevelIndicatorType,15043,ObjectType
LevelIndicatorType_Output,15044,Variable
LevelIndicatorType_Output_Definition,15045,Variable
LevelIndicatorType_Output_ValuePrecision,15046,Variable
LevelIndicatorType_Output_InstrumentRange,15047,Variable
LevelIndicatorType_Output_EURange,15048,Variable
LevelIndicatorType_Output_EngineeringUnits,15049,Variable
FlowTransmitterType,15050,ObjectType
FlowTransmitterType_Output,15051,Variable
FlowTransmitterType_Output_Definition,15052,Variable
FlowTransmitterType_Output_ValuePrecision,15053,Variable
FlowTransmitterType_Output_InstrumentRange,15054,Variable
FlowTransmitterType_Output_EURange,15055,Variable
FlowTransmitterType_Output_EngineeringUnits,15056,Variable
BoilerStateMachineType,15057,ObjectType
BoilerStateMachineType_CurrentState,15058,Variable
BoilerStateMachineType_CurrentState_Id,15059,Variable
BoilerStateMachineType_CurrentState_Name,15060,Variable
BoilerStateMachineType_CurrentState_Number,15061,Variable
BoilerStateMachineType_CurrentState_EffectiveDisplayName,15062,Variable
BoilerStateMachineType_LastTransition,15063,Variable
BoilerStateMachineType_LastTransition_Id,15064,Variable
BoilerStateMachineType_LastTransition_Name,15065,Variable
BoilerStateMachineType_LastTransition_Number,15066,Variable
BoilerStateMachineType_LastTransition_TransitionTime,15067,Variable
BoilerStateMachineType_LastTransition_EffectiveTransitionTime,15068,Variable
BoilerStateMachineType_AvailableStates,15069,Variable
BoilerStateMachineType_AvailableTransitions,15070,Variable
BoilerStateMachineType_Creatable,15071,Variable
BoilerStateMachineType_Deletable,15072,Variable
BoilerStateMachineType_AutoDelete,15073,Variable
BoilerStateMachineType_RecycleCount,15074,Variable
BoilerStateMachineType_InstanceCount,15075,Variable
BoilerStateMachineType_MaxInstanceCount,15076,Variable
BoilerStateMachineType_MaxRecycleCount,15077,Variable
BoilerStateMachineType_ProgramDiagnostic,15078,Variable
BoilerStateMachineType_ProgramDiagnostic_CreateSessionId,15079,Variable
BoilerStateMachineType_ProgramDiagnostic_CreateClientName,15080,Variable
BoilerStateMachineType_ProgramDiagnostic_InvocationCreationTime,15081,Variable
BoilerStateMachineType_ProgramDiagnostic_LastTransitionTime,15082,Variable
BoilerStateMachineType_ProgramDiagnostic_LastMethodCall,15083,Variable
BoilerStateMachineType_ProgramDiagnostic_LastMethodSessionId,15084,Variable
BoilerStateMachineType_ProgramDiagnostic_LastMethodInputArguments,15085,Variable
BoilerStateMachineType_ProgramDiagnostic_LastMethodOutputArguments,15086,Variable
BoilerStateMachineType_ProgramDiagnostic_LastMethodInputValues,15087,Variable
BoilerStateMachineType_ProgramDiagnostic_LastMethodOutputValues,15088,Variable
BoilerStateMachineType_ProgramDiagnostic_LastMethodCallTime,15089,Variable
BoilerStateMachineType_ProgramDiagnostic_LastMethodReturnStatus,15090,Variable
BoilerStateMachineType_FinalResultData,15091,Object
BoilerStateMachineType_Halted,15092,Object
BoilerStateMachineType_Halted_StateNumber,15093,Variable
BoilerStateMachineType_Ready,15094,Object
BoilerStateMachineType_Ready_StateNumber,15095,Variable
BoilerStateMachineType_Running,15096,Object
BoilerStateMachineType_Running_StateNumber,15097,Variable
BoilerStateMachineType_Suspended,15098,Object
BoilerStateMachineType_Suspended_StateNumber,15099,Variable
BoilerStateMachineType_HaltedToReady,15100,Object
BoilerStateMachineType_HaltedToReady_TransitionNumber,15101,Variable
BoilerStateMachineType_ReadyToRunning,15102,Object
BoilerStateMachineType_ReadyToRunning_TransitionNumber,15103,Variable
BoilerStateMachineType_RunningToHalted,15104,Object
BoilerStateMachineType_RunningToHalted_TransitionNumber,15105,Variable
BoilerStateMachineType_RunningToReady,15106,Object
BoilerStateMachineType_RunningToReady_TransitionNumber,15107,Variable
BoilerStateMachineType_RunningToSuspended,15108,Object
BoilerStateMachineType_RunningToSuspended_TransitionNumber,15109,Variable
BoilerStateMachineType_SuspendedToRunning,15110,Object
BoilerStateMachineType_SuspendedToRunning_TransitionNumber,15111,Variable
BoilerStateMachineType_SuspendedToHalted,15112,Object
BoilerStateMachineType_SuspendedToHalted_TransitionNumber,15113,Variable
BoilerStateMachineType_SuspendedToReady,15114,Object
BoilerStateMachineType_SuspendedToReady_TransitionNumber,15115,Variable
BoilerStateMachineType_ReadyToHalted,15116,Object
BoilerStateMachineType_ReadyToHalted_TransitionNumber,15117,Variable
BoilerStateMachineType_Start,15118,Method
BoilerStateMachineType_Suspend,15119,Method
BoilerStateMachineType_Resume,15120,Method
BoilerStateMachineType_Halt,15121,Method
BoilerStateMachineType_Reset,15122,Method
BoilerStateMachineType_UpdateRate,15123,Variable
BoilerInputPipeType,15124,ObjectType
BoilerInputPipeType_FlowTransmitter1,15125,Object
BoilerInputPipeType_FlowTransmitter1_Output,15126,Variable
BoilerInputPipeType_FlowTransmitter1_Output_Definition,15127,Variable
BoilerInputPipeType_FlowTransmitter1_Output_ValuePrecision,15128,Variable
BoilerInputPipeType_FlowTransmitter1_Output_InstrumentRange,15129,Variable
BoilerInputPipeType_FlowTransmitter1_Output_EURange,15130,Variable
BoilerInputPipeType_FlowTransmitter1_Output_EngineeringUnits,15131,Variable
BoilerInputPipeType_Valve,15132,Object
BoilerInputPipeType_Valve_Input,15133,Variable
BoilerInputPipeType_Valve_Input_Definition,15134,Variable
BoilerInputPipeType_Valve_Input_ValuePrecision,15135,Variable
BoilerInputPipeType_Valve_Input_InstrumentRange,15136,Variable
BoilerInputPipeType_Valve_Input_EURange,15137,Variable
BoilerInputPipeType_Valve_Input_EngineeringUnits,15138,Variable
BoilerDrumType,15139,ObjectType
BoilerDrumType_LevelIndicator,15140,Object
BoilerDrumType_LevelIndicator_Output,15141,Variable
BoilerDrumType_LevelIndicator_Output_Definition,15142,Variable
BoilerDrumType_LevelIndicator_Output_ValuePrecision,15143,Variable
BoilerDrumType_LevelIndicator_Output_InstrumentRange,15144,Variable
BoilerDrumType_LevelIndicator_Output_EURange,15145,Variable
BoilerDrumType_LevelIndicator_Output_EngineeringUnits,15146,Variable
BoilerOutputPipeType,15147,ObjectType
BoilerOutputPipeType_FlowTransmitter2,15148,Object
BoilerOutputPipeType_FlowTransmitter2_Output,15149,Variable
BoilerOutputPipeType_FlowTransmitter2_Output_Definition,15150,Variable
BoilerOutputPipeType_FlowTransmitter2_Output_ValuePrecision,15151,Variable
BoilerOutputPipeType_FlowTransmitter2_Output_InstrumentRange,15152,Variable
BoilerOutputPipeType_FlowTransmitter2_Output_EURange,15153,Variable
BoilerOutputPipeType_FlowTransmitter2_Output_EngineeringUnits,15154,Variable
BoilerType,15155,ObjectType
BoilerType_InputPipe,15156,Object
BoilerType_InputPipe_FlowTransmitter1,15157,Object
BoilerType_InputPipe_FlowTransmitter1_Output,15158,Variable
BoilerType_InputPipe_FlowTransmitter1_Output_Definition,15159,Variable
BoilerType_InputPipe_FlowTransmitter1_Output_ValuePrecision,15160,Variable
BoilerType_InputPipe_FlowTransmitter1_Output_InstrumentRange,15161,Variable
BoilerType_InputPipe_FlowTransmitter1_Output_EURange,15162,Variable
BoilerType_InputPipe_FlowTransmitter1_Output_EngineeringUnits,15163,Variable
BoilerType_InputPipe_Valve,15164,Object
BoilerType_InputPipe_Valve_Input,15165,Variable
BoilerType_InputPipe_Valve_Input_Definition,15166,Variable
BoilerType_InputPipe_Valve_Input_ValuePrecision,15167,Variable
BoilerType_InputPipe_Valve_Input_InstrumentRange,15168,Variable
BoilerType_InputPipe_Valve_Input_EURange,15169,Variable
BoilerType_InputPipe_Valve_Input_EngineeringUnits,15170,Variable
BoilerType_Drum,15171,Object
BoilerType_Drum_LevelIndicator,15172,Object
BoilerType_Drum_LevelIndicator_Output,15173,Variable
BoilerType_Drum_LevelIndicator_Output_Definition,15174,Variable
BoilerType_Drum_LevelIndicator_Output_ValuePrecision,15175,Variable
BoilerType_Drum_LevelIndicator_Output_InstrumentRange,15176,Variable
BoilerType_Drum_LevelIndicator_Output_EURange,15177,Variable
BoilerType_Drum_LevelIndicator_Output_EngineeringUnits,15178,Variable
BoilerType_OutputPipe,15179,Object
BoilerType_OutputPipe_FlowTransmitter2,15180,Object
BoilerType_OutputPipe_FlowTransmitter2_Output,15181,Variable
BoilerType_OutputPipe_FlowTransmitter2_Output_Definition,15182,Variable
BoilerType_OutputPipe_FlowTransmitter2_Output_ValuePrecision,15183,Variable
BoilerType_OutputPipe_FlowTransmitter2_Output_InstrumentRange,15184,Variable
BoilerType_OutputPipe_FlowTransmitter2_Output_EURange,15185,Variable
BoilerType_OutputPipe_FlowTransmitter2_Output_EngineeringUnits,15186,Variable
BoilerType_FlowController,15187,Object
BoilerType_FlowController_Measurement,15188,Variable
BoilerType_FlowController_SetPoint,15189,Variable
BoilerType_FlowController_ControlOut,15190,Variable
BoilerType_LevelController,15191,Object
BoilerType_LevelController_Measurement,15192,Variable
BoilerType_LevelController_SetPoint,15193,Variable
BoilerType_LevelController_ControlOut,15194,Variable
BoilerType_CustomController,15195,Object
BoilerType_CustomController_Input1,15196,Variable
BoilerType_CustomController_Input2,15197,Variable
BoilerType_CustomController_Input3,15198,Variable
BoilerType_CustomController_ControlOut,15199,Variable
BoilerType_CustomController_DescriptionX,15200,Variable
BoilerType_Simulation,15201,Object
BoilerType_Simulation_CurrentState,15202,Variable
BoilerType_Simulation_CurrentState_Id,15203,Variable
BoilerType_Simulation_CurrentState_Name,15204,Variable
BoilerType_Simulation_CurrentState_Number,15205,Variable
BoilerType_Simulation_CurrentState_EffectiveDisplayName,15206,Variable
BoilerType_Simulation_LastTransition,15207,Variable
BoilerType_Simulation_LastTransition_Id,15208,Variable
BoilerType_Simulation_LastTransition_Name,15209,Variable
BoilerType_Simulation_LastTransition_Number,15210,Variable
BoilerType_Simulation_LastTransition_TransitionTime,15211,Variable
BoilerType_Simulation_LastTransition_EffectiveTransitionTime,15212,Variable
BoilerType_Simulation_AvailableStates,15213,Variable
BoilerType_Simulation_AvailableTransitions,15214,Variable
BoilerType_Simulation_Deletable,15215,Variable
BoilerType_Simulation_AutoDelete,15216,Variable
BoilerType_Simulation_RecycleCount,15217,Variable
BoilerType_Simulation_ProgramDiagnostic,15218,Variable
BoilerType_Simulation_ProgramDiagnostic_CreateSessionId,15219,Variable
BoilerType_Simulation_ProgramDiagnostic_CreateClientName,15220,Variable
BoilerType_Simulation_ProgramDiagnostic_InvocationCreationTime,15221,Variable
BoilerType_Simulation_ProgramDiagnostic_LastTransitionTime,15222,Variable
BoilerType_Simulation_ProgramDiagnostic_LastMethodCall,15223,Variable
BoilerType_Simulation_ProgramDiagnostic_LastMethodSessionId,15224,Variable
BoilerType_Simulation_ProgramDiagnostic_LastMethodInputArguments,15225,Variable
BoilerType_Simulation_ProgramDiagnostic_LastMethodOutputArguments,15226,Variable
BoilerType_Simulation_ProgramDiagnostic_LastMethodInputValues,15227,Variable
BoilerType_Simulation_ProgramDiagnostic_LastMethodOutputValues,15228,Variable
BoilerType_Simulation_ProgramDiagnostic_LastMethodCallTime,15229,Variable
BoilerType_Simulation_ProgramDiagnostic_LastMethodReturnStatus,15230,Variable
BoilerType_Simulation_FinalResultData,15231,Object
BoilerType_Simulation_UpdateRate,15232,Variable
BoilerType_Simulation_Start,15233,Method
BoilerType_Simulation_Suspend,15234,Method
BoilerType_Simulation_Resume,15235,Method
BoilerType_Simulation_Halt,15236,Method
BoilerType_Simulation_Reset,15237,Method
Boilers,15238,Object
Boilers_Boiler1,15239,Object
Boilers_Boiler1_InputPipe,15240,Object
Boilers_Boiler1_InputPipe_FlowTransmitter1,15241,Object
Boilers_Boiler1_InputPipe_FlowTransmitter1_Output,15242,Variable
Boilers_Boiler1_InputPipe_FlowTransmitter1_Output_Definition,15243,Variable
Boilers_Boiler1_InputPipe_FlowTransmitter1_Output_ValuePrecision,15244,Variable
Boilers_Boiler1_InputPipe_FlowTransmitter1_Output_InstrumentRange,15245,Variable
Boilers_Boiler1_InputPipe_FlowTransmitter1_Output_EURange,15246,Variable
Boilers_Boiler1_InputPipe_FlowTransmitter1_Output_EngineeringUnits,15247,Variable
Boilers_Boiler1_InputPipe_Valve,15248,Object
Boilers_Boiler1_InputPipe_Valve_Input,15249,Variable
Boilers_Boiler1_InputPipe_Valve_Input_Definition,15250,Variable
Boilers_Boiler1_InputPipe_Valve_Input_ValuePrecision,15251,Variable
Boilers_Boiler1_InputPipe_Valve_Input_InstrumentRange,15252,Variable
Boilers_Boiler1_InputPipe_Valve_Input_EURange,15253,Variable
Boilers_Boiler1_InputPipe_Valve_Input_EngineeringUnits,15254,Variable
Boilers_Boiler1_Drum,15255,Object
Boilers_Boiler1_Drum_LevelIndicator,15256,Object
Boilers_Boiler1_Drum_LevelIndicator_Output,15257,Variable
Boilers_Boiler1_Drum_LevelIndicator_Output_Definition,15258,Variable
Boilers_Boiler1_Drum_LevelIndicator_Output_ValuePrecision,15259,Variable
Boilers_Boiler1_Drum_LevelIndicator_Output_InstrumentRange,15260,Variable
Boilers_Boiler1_Drum_LevelIndicator_Output_EURange,15261,Variable
Boilers_Boiler1_Drum_LevelIndicator_Output_EngineeringUnits,15262,Variable
Boilers_Boiler1_OutputPipe,15263,Object
Boilers_Boiler1_OutputPipe_FlowTransmitter2,15264,Object
Boilers_Boiler1_OutputPipe_FlowTransmitter2_Output,15265,Variable
Boilers_Boiler1_OutputPipe_FlowTransmitter2_Output_Definition,15266,Variable
Boilers_Boiler1_OutputPipe_FlowTransmitter2_Output_ValuePrecision,15267,Variable
Boilers_Boiler1_OutputPipe_FlowTransmitter2_Output_InstrumentRange,15268,Variable
Boilers_Boiler1_OutputPipe_FlowTransmitter2_Output_EURange,15269,Variable
Boilers_Boiler1_OutputPipe_FlowTransmitter2_Output_EngineeringUnits,15270,Variable
Boilers_Boiler1_FlowController,15271,Object
Boilers_Boiler1_FlowController_Measurement,15272,Variable
Boilers_Boiler1_FlowController_SetPoint,15273,Variable
Boilers_Boiler1_FlowController_ControlOut,15274,Variable
Boilers_Boiler1_LevelController,15275,Object
Boilers_Boiler1_LevelController_Measurement,15276,Variable
Boilers_Boiler1_LevelController_SetPoint,15277,Variable
Boilers_Boiler1_LevelController_ControlOut,15278,Variable
Boilers_Boiler1_CustomController,15279,Object
Boilers_Boiler1_CustomController_Input1,15280,Variable
Boilers_Boiler1_CustomController_Input2,15281,Variable
Boilers_Boiler1_CustomController_Input3,15282,Variable
Boilers_Boiler1_CustomController_ControlOut,15283,Variable
Boilers_Boiler1_CustomController_DescriptionX,15284,Variable
Boilers_Boiler1_Simulation,15285,Object
Boilers_Boiler1_Simulation_CurrentState,15286,Variable
Boilers_Boiler1_Simulation_CurrentState_Id,15287,Variable
Boilers_Boiler1_Simulation_CurrentState_Name,15288,Variable
Boilers_Boiler1_Simulation_CurrentState_Number,15289,Variable
Boilers_Boiler1_Simulation_CurrentState_EffectiveDisplayName,15290,Variable
Boilers_Boiler1_Simulation_LastTransition,15291,Variable
Boilers_Boiler1_Simulation_LastTransition_Id,15292,Variable
Boilers_Boiler1_Simulation_LastTransition_Name,15293,Variable
Boilers_Boiler1_Simulation_LastTransition_Number,15294,Variable
Boilers_Boiler1_Simulation_LastTransition_TransitionTime,15295,Variable
Boilers_Boiler1_Simulation_LastTransition_EffectiveTransitionTime,15296,Variable
Boilers_Boiler1_Simulation_AvailableStates,15297,Variable
Boilers_Boiler1_Simulation_AvailableTransitions,15298,Variable
Boilers_Boiler1_Simulation_Deletable,15299,Variable
Boilers_Boiler1_Simulation_AutoDelete,15300,Variable
Boilers_Boiler1_Simulation_RecycleCount,15301,Variable
Boilers_Boiler1_Simulation_ProgramDiagnostic,15302,Variable
Boilers_Boiler1_Simulation_ProgramDiagnostic_CreateSessionId,15303,Variable
Boilers_Boiler1_Simulation_ProgramDiagnostic_CreateClientName,15304,Variable
Boilers_Boiler1_Simulation_ProgramDiagnostic_InvocationCreationTime,15305,Variable
Boilers_Boiler1_Simulation_ProgramDiagnostic_LastTransitionTime,15306,Variable
Boilers_Boiler1_Simulation_ProgramDiagnostic_LastMethodCall,15307,Variable
Boilers_Boiler1_Simulation_ProgramDiagnostic_LastMethodSessionId,15308,Variable
Boilers_Boiler1_Simulation_ProgramDiagnostic_LastMethodInputArguments,15309,Variable
Boilers_Boiler1_Simulation_ProgramDiagnostic_LastMethodOutputArguments,15310,Variable
Boilers_Boiler1_Simulation_ProgramDiagnostic_LastMethodInputValues,15311,Variable
Boilers_Boiler1_Simulation_ProgramDiagnostic_LastMethodOutputValues,15312,Variable
Boilers_Boiler1_Simulation_ProgramDiagnostic_LastMethodCallTime,15313,Variable
Boilers_Boiler1_Simulation_ProgramDiagnostic_LastMethodReturnStatus,15314,Variable
Boilers_Boiler1_Simulation_FinalResultData,15315,Object
Boilers_Boiler1_Simulation_UpdateRate,15316,Variable
Boilers_Boiler1_Simulation_Start,15317,Method
Boilers_Boiler1_Simulation_Suspend,15318,Method
Boilers_Boiler1_Simulation_Resume,15319,Method
Boilers_Boiler1_Simulation_Halt,15320,Method
Boilers_Boiler1_Simulation_Reset,15321,Method
